First Name,Last Name,transaction
nooeukw,uuoaklowalb,"{'tx_id': '5ed3d67b8723c11444c43283', 'tx_date': '2020-06-13T05:28:47.543000Z', 'tx_amount': 6192, 'tx_mode': 'Debit', 'tx_channel': 'web', 'bank_name': 'QBank', 'dob': ['1992-11-10 00:00:00']}"
angulbo,seagn,"{'tx_id': '5ed3d67b8723c11444c43283', 'tx_date': '2020-06-12T20:22:38.986000Z', 'tx_amount': 38445, 'tx_mode': 'Debit', 'tx_channel': 'mobile', 'bank_name': 'ABank', 'dob': ['n/a']}"
dukowi,eukloomja,"{'tx_id': '5ed3d67b8723c11444c43283', 'tx_date': '2020-06-13T06:00:46.904000Z', 'tx_amount': 29627, 'tx_mode': 'Debit', 'tx_channel': 'mobile', 'bank_name': 'GBank', 'dob': ['1992-01-01 00:00:00']}"
ltuoawiob,uuilawobmn,"{'tx_id': '5ed3d67b8723c11444c43283', 'tx_date': '2020-06-13T16:10:51.479000Z', 'tx_amount': 27791, 'tx_mode': 'Debit', 'tx_channel': 'web', 'bank_name': 'KBank', 'dob': ['1981-01-07 00:00:00']}"
nakuolo,donald,"{'tx_id': '5ed3d67b8723c11444c43283', 'tx_date': '2020-06-13T05:28:47.543000Z', 'tx_amount': 6192, 'tx_mode': 'Debit', 'tx_channel': 'web', 'bank_name': 'QBank', 'dob': ['n/a']}"
juagn,ahcnaiz,"{'tx_id': '5ed3d67b8723c11444c43283', 'tx_date': '2020-06-12T20:22:38.986000Z', 'tx_amount': 38445, 'tx_mode': 'Debit', 'tx_channel': 'mobile', 'bank_name': 'ABank', 'dob': ['1980-11-22 00:00:00']}"
eykeneowj,ijutdh,"{'tx_id': '5ed3d67b8723c11444c43283', 'tx_date': '2020-06-13T06:00:46.904000Z', 'tx_amount': 29627, 'tx_mode': 'Debit', 'tx_channel': 'mobile', 'bank_name': 'GBank', 'dob': ['1998-08-20 00:00:00']}"
ellbo,sasahn,"{'tx_id': '5ed3d67b8723c11444c43283', 'tx_date': '2020-06-13T16:10:51.479000Z', 'tx_amount': 27791, 'tx_mode': 'Debit', 'tx_channel': 'web', 'bank_name': 'KBank', 'dob': ['1976-12-12 00:00:00']}"
ooadelb,ruktam,"{'tx_id': '5ed3d67b8723c11444c43283', 'tx_date': '2020-06-13T05:28:47.543000Z', 'tx_amount': 6192, 'tx_mode': 'Debit', 'tx_channel': 'web', 'bank_name': 'QBank', 'dob': ['1976-12-12 00:00:00']}"
ali,grgniir kaeouakn,"{'tx_id': '5ed3d67b8723c11444c43283', 'tx_date': '2020-06-12T20:22:38.986000Z', 'tx_amount': 38445, 'tx_mode': 'Debit', 'tx_channel': 'mobile', 'bank_name': 'ABank', 'dob': ['n/a']}"
ial,ubykua,"{'tx_id': '5ed3d67b8723c11444c43283', 'tx_date': '2020-06-13T06:00:46.904000Z', 'tx_amount': 29627, 'tx_mode': 'Debit', 'tx_channel': 'mobile', 'bank_name': 'GBank', 'dob': ['n/a']}"
owjoloaur,eaoltse,"{'tx_id': '5ed3d67b8723c11444c43283', 'tx_date': '2020-06-13T16:10:51.479000Z', 'tx_amount': 27791, 'tx_mode': 'Debit', 'tx_channel': 'web', 'bank_name': 'KBank', 'dob': ['n/a']}"
boadigasm,hycknouwyeniu,"{'tx_id': '5ed3d67b8723c11444c43283', 'tx_date': '2020-06-13T05:28:47.543000Z', 'tx_amount': 6192, 'tx_mode': 'Debit', 'tx_channel': 'web', 'bank_name': 'QBank', 'dob': ['n/a']}"
ywmuia,oaeuld omyiosalnfula,"{'tx_id': '5ed3d67b8723c11444c43283', 'tx_date': '2020-06-12T20:22:38.986000Z', 'tx_amount': 38445, 'tx_mode': 'Debit', 'tx_channel': 'mobile', 'bank_name': 'ABank', 'dob': ['1984-06-13 00:00:00']}"
owug,fuatas,"{'tx_id': '5ed3d67b8723c11444c43283', 'tx_date': '2020-06-13T06:00:46.904000Z', 'tx_amount': 29627, 'tx_mode': 'Debit', 'tx_channel': 'mobile', 'bank_name': 'GBank', 'dob': ['n/a']}"
eaeodkg,nloadd,"{'tx_id': '5ed3d67b8723c11444c43283', 'tx_date': '2020-06-13T16:10:51.479000Z', 'tx_amount': 27791, 'tx_mode': 'Debit', 'tx_channel': 'web', 'bank_name': 'KBank', 'dob': ['n/a']}"
adyuns,naczhai,"{'tx_id': '5ed3d67b8723c11444c43283', 'tx_date': '2020-06-13T05:28:47.543000Z', 'tx_amount': 6192, 'tx_mode': 'Debit', 'tx_channel': 'web', 'bank_name': 'QBank', 'dob': ['n/a']}"
aiblnafoa,ollutoep,"{'tx_id': '5ed3d67b8723c11444c43283', 'tx_date': '2020-06-12T20:22:38.986000Z', 'tx_amount': 38445, 'tx_mode': 'Debit', 'tx_channel': 'mobile', 'bank_name': 'ABank', 'dob': ['n/a']}"
dokeay,egesr jmumoan,"{'tx_id': '5ed3d67b8723c11444c43283', 'tx_date': '2020-06-13T06:00:46.904000Z', 'tx_amount': 29627, 'tx_mode': 'Debit', 'tx_channel': 'mobile', 'bank_name': 'GBank', 'dob': ['n/a']}"
e okowuhoonw,izahbteel,"{'tx_id': '5ed3d67b8723c11444c43283', 'tx_date': '2020-06-13T16:10:51.479000Z', 'tx_amount': 27791, 'tx_mode': 'Debit', 'tx_channel': 'web', 'bank_name': 'KBank', 'dob': ['n/a']}"
imawinuk,iadmil,"{'tx_id': '5ed3d67b8723c11444c43283', 'tx_date': '2020-06-13T05:28:47.543000Z', 'tx_amount': 6192, 'tx_mode': 'Debit', 'tx_channel': 'web', 'bank_name': 'QBank', 'dob': ['n/a']}"
kroow,odqis,"{'tx_id': '5ed3d67b8723c11444c43283', 'tx_date': '2020-06-12T20:22:38.986000Z', 'tx_amount': 38445, 'tx_mode': 'Debit', 'tx_channel': 'mobile', 'bank_name': 'ABank', 'dob': ['n/a']}"
oogbnslou,lezeeki,"{'tx_id': '5ed3d67b8723c11444c43283', 'tx_date': '2020-06-13T06:00:46.904000Z', 'tx_amount': 29627, 'tx_mode': 'Debit', 'tx_channel': 'mobile', 'bank_name': 'GBank', 'dob': ['1981-06-27 00:00:00']}"
oujkn,aoiu ulaleafdosmyoln,"{'tx_id': '5ed3d67b8723c11444c43283', 'tx_date': '2020-06-13T16:10:51.479000Z', 'tx_amount': 27791, 'tx_mode': 'Debit', 'tx_channel': 'web', 'bank_name': 'KBank', 'dob': ['1989-12-29 00:00:00']}"
aimuwy,measj,"{'tx_id': '5ed3d67b8723c11444c43283', 'tx_date': '2020-06-13T05:28:47.543000Z', 'tx_amount': 6192, 'tx_mode': 'Debit', 'tx_channel': 'web', 'bank_name': 'QBank', 'dob': ['1981-01-07 00:00:00']}"
anygoeeldu,dllaamio,"{'tx_id': '5ed3d67b8723c11444c43283', 'tx_date': '2020-06-12T20:22:38.986000Z', 'tx_amount': 38445, 'tx_mode': 'Debit', 'tx_channel': 'mobile', 'bank_name': 'ABank', 'dob': ['n/a']}"
uiwdo,audelb mllooaialunof,"{'tx_id': '5ed3d67b8723c11444c43283', 'tx_date': '2020-06-13T06:00:46.904000Z', 'tx_amount': 29627, 'tx_mode': 'Debit', 'tx_channel': 'mobile', 'bank_name': 'GBank', 'dob': ['n/a']}"
yaeikdno,o saederifaahbl,"{'tx_id': '5ed3d67b8723c11444c43283', 'tx_date': '2020-06-13T16:10:51.479000Z', 'tx_amount': 27791, 'tx_mode': 'Debit', 'tx_channel': 'web', 'bank_name': 'KBank', 'dob': ['n/a']}"
joo,lexce,"{'tx_id': '5ed3d67b8723c11444c43283', 'tx_date': '2020-06-13T05:28:47.543000Z', 'tx_amount': 6192, 'tx_mode': 'Debit', 'tx_channel': 'web', 'bank_name': 'QBank', 'dob': ['1999-12-23 00:00:00']}"
oyeewal,aimolewfu,"{'tx_id': '5ed3d67b8723c11444c43283', 'tx_date': '2020-06-12T20:22:38.986000Z', 'tx_amount': 38445, 'tx_mode': 'Debit', 'tx_channel': 'mobile', 'bank_name': 'ABank', 'dob': ['n/a']}"
kruehio,rni oisaaubhbd,"{'tx_id': '5ed3d67b8723c11444c43283', 'tx_date': '2020-06-13T06:00:46.904000Z', 'tx_amount': 29627, 'tx_mode': 'Debit', 'tx_channel': 'mobile', 'bank_name': 'GBank', 'dob': ['n/a']}"
wounlraegob,urolmei,"{'tx_id': '5ed3d67b8723c11444c43283', 'tx_date': '2020-06-13T16:10:51.479000Z', 'tx_amount': 27791, 'tx_mode': 'Debit', 'tx_channel': 'web', 'bank_name': 'KBank', 'dob': ['1979-09-27 00:00:00']}"
ewneze,ibdhcmeu,"{'tx_id': '5ed3d67b8723c11444c43283', 'tx_date': '2020-06-13T05:28:47.543000Z', 'tx_amount': 6192, 'tx_mode': 'Debit', 'tx_channel': 'web', 'bank_name': 'QBank', 'dob': ['n/a']}"
woknueo,oienalcr,"{'tx_id': '5ed3d67b8723c11444c43283', 'tx_date': '2020-06-12T20:22:38.986000Z', 'tx_amount': 38445, 'tx_mode': 'Debit', 'tx_channel': 'mobile', 'bank_name': 'ABank', 'dob': ['n/a']}"
bedriie,nsnkloyiaoa,"{'tx_id': '5ed3d67b8723c11444c43283', 'tx_date': '2020-06-13T06:00:46.904000Z', 'tx_amount': 29627, 'tx_mode': 'Debit', 'tx_channel': 'mobile', 'bank_name': 'GBank', 'dob': ['n/a']}"
loeyowe,soqid,"{'tx_id': '5ed3d67b8723c11444c43283', 'tx_date': '2020-06-13T16:10:51.479000Z', 'tx_amount': 27791, 'tx_mode': 'Debit', 'tx_channel': 'web', 'bank_name': 'KBank', 'dob': ['n/a']}"
auwngo,raenvcoi,"{'tx_id': '5ed3d67b8723c11444c43283', 'tx_date': '2020-06-13T05:28:47.543000Z', 'tx_amount': 6192, 'tx_mode': 'Debit', 'tx_channel': 'web', 'bank_name': 'QBank', 'dob': ['n/a']}"
loognbosu,lsumea,"{'tx_id': '5ed3d67b8723c11444c43283', 'tx_date': '2020-06-12T20:22:38.986000Z', 'tx_amount': 38445, 'tx_mode': 'Debit', 'tx_channel': 'mobile', 'bank_name': 'ABank', 'dob': ['n/a']}"
eeciknh,uaanbeibdt,"{'tx_id': '5ed3d67b8723c11444c43283', 'tx_date': '2020-06-13T06:00:46.904000Z', 'tx_amount': 29627, 'tx_mode': 'Debit', 'tx_channel': 'mobile', 'bank_name': 'GBank', 'dob': ['n/a']}"
kownoeu,epainetc,"{'tx_id': '5ed3d67b8723c11444c43283', 'tx_date': '2020-06-13T16:10:51.479000Z', 'tx_amount': 27791, 'tx_mode': 'Debit', 'tx_channel': 'web', 'bank_name': 'KBank', 'dob': ['n/a']}"
pnduoige,nsenai,"{'tx_id': '5ed3d67b8723c11444c43283', 'tx_date': '2020-06-13T05:28:47.543000Z', 'tx_amount': 6192, 'tx_mode': 'Debit', 'tx_channel': 'web', 'bank_name': 'QBank', 'dob': ['n/a']}"
aalbfio,alwadee,"{'tx_id': '5ed3d67b8723c11444c43283', 'tx_date': '2020-06-12T20:22:38.986000Z', 'tx_amount': 38445, 'tx_mode': 'Debit', 'tx_channel': 'mobile', 'bank_name': 'ABank', 'dob': ['n/a']}"
ashi,nnea,"{'tx_id': '5ed3d67b8723c11444c43283', 'tx_date': '2020-06-13T06:00:46.904000Z', 'tx_amount': 29627, 'tx_mode': 'Debit', 'tx_channel': 'mobile', 'bank_name': 'GBank', 'dob': ['1969-09-09 00:00:00']}"
tiadli,aoniaduoflml lleoabu,"{'tx_id': '5ed3d67b8723c11444c43283', 'tx_date': '2020-06-13T16:10:51.479000Z', 'tx_amount': 27791, 'tx_mode': 'Debit', 'tx_channel': 'web', 'bank_name': 'KBank', 'dob': ['1976-12-12 00:00:00']}"
oabdelgas,nnae,"{'tx_id': '5ed3d67b8723c11444c43283', 'tx_date': '2020-06-13T05:28:47.543000Z', 'tx_amount': 6192, 'tx_mode': 'Debit', 'tx_channel': 'web', 'bank_name': 'QBank', 'dob': ['n/a']}"
khuckauwu,ablonle,"{'tx_id': '5ed3d67b8723c11444c43283', 'tx_date': '2020-06-12T20:22:38.986000Z', 'tx_amount': 38445, 'tx_mode': 'Debit', 'tx_channel': 'mobile', 'bank_name': 'ABank', 'dob': ['1975-12-05 00:00:00']}"
yleoeow,uwaan,"{'tx_id': '5ed3d67b8723c11444c43283', 'tx_date': '2020-06-13T06:00:46.904000Z', 'tx_amount': 29627, 'tx_mode': 'Debit', 'tx_channel': 'mobile', 'bank_name': 'GBank', 'dob': ['n/a']}"
dkmuaa,aibdri,"{'tx_id': '5ed3d67b8723c11444c43283', 'tx_date': '2020-06-13T16:10:51.479000Z', 'tx_amount': 27791, 'tx_mode': 'Debit', 'tx_channel': 'web', 'bank_name': 'KBank', 'dob': ['1993-02-15 00:00:00']}"
eonuwko,enians,"{'tx_id': '5ed3d67b8723c11444c43283', 'tx_date': '2020-06-13T05:28:47.543000Z', 'tx_amount': 6192, 'tx_mode': 'Debit', 'tx_channel': 'web', 'bank_name': 'QBank', 'dob': ['1988-05-08 00:00:00']}"
doaeknuy,lmvahienos t,"{'tx_id': '5ed3d67b8723c11444c43283', 'tx_date': '2020-06-12T20:22:38.986000Z', 'tx_amount': 38445, 'tx_mode': 'Debit', 'tx_channel': 'mobile', 'bank_name': 'ABank', 'dob': ['1980-01-01 00:00:00']}"
oiaeljd,uobwumanil,"{'tx_id': '5ed3d67b8723c11444c43283', 'tx_date': '2020-06-13T06:00:46.904000Z', 'tx_amount': 29627, 'tx_mode': 'Debit', 'tx_channel': 'mobile', 'bank_name': 'GBank', 'dob': ['n/a']}"
ifnymoaul,ojy,"{'tx_id': '5ed3d67b8723c11444c43283', 'tx_date': '2020-06-13T16:10:51.479000Z', 'tx_amount': 27791, 'tx_mode': 'Debit', 'tx_channel': 'web', 'bank_name': 'KBank', 'dob': ['n/a']}"
whienaagg,rdiso,"{'tx_id': '5ed3d67b8723c11444c43283', 'tx_date': '2020-06-13T05:28:47.543000Z', 'tx_amount': 6192, 'tx_mode': 'Debit', 'tx_channel': 'web', 'bank_name': 'QBank', 'dob': ['2000-12-04 00:00:00']}"
diouw,daopoal,"{'tx_id': '5ed3d67b8723c11444c43283', 'tx_date': '2020-06-12T20:22:38.986000Z', 'tx_amount': 38445, 'tx_mode': 'Debit', 'tx_channel': 'mobile', 'bank_name': 'ABank', 'dob': ['1988-10-10 00:00:00']}"
iltaaonk,aedfiobrlea ash,"{'tx_id': '5ed3d67b8723c11444c43283', 'tx_date': '2020-06-13T06:00:46.904000Z', 'tx_amount': 29627, 'tx_mode': 'Debit', 'tx_channel': 'mobile', 'bank_name': 'GBank', 'dob': ['n/a']}"
khoceow,mlduioe,"{'tx_id': '5ed3d67b8723c11444c43283', 'tx_date': '2020-06-13T16:10:51.479000Z', 'tx_amount': 27791, 'tx_mode': 'Debit', 'tx_channel': 'web', 'bank_name': 'KBank', 'dob': ['n/a']}"
wreca,onmuauwbil,"{'tx_id': '5ed3d67b8723c11444c43283', 'tx_date': '2020-06-13T05:28:47.543000Z', 'tx_amount': 6192, 'tx_mode': 'Debit', 'tx_channel': 'web', 'bank_name': 'QBank', 'dob': ['1994-09-09 00:00:00']}"
adeeely,isnaen,"{'tx_id': '5ed3d67b8723c11444c43283', 'tx_date': '2020-06-12T20:22:38.986000Z', 'tx_amount': 38445, 'tx_mode': 'Debit', 'tx_channel': 'mobile', 'bank_name': 'ABank', 'dob': ['n/a']}"
osuudom,umeokj,"{'tx_id': '5ed3d67b8723c11444c43283', 'tx_date': '2020-06-13T06:00:46.904000Z', 'tx_amount': 29627, 'tx_mode': 'Debit', 'tx_channel': 'mobile', 'bank_name': 'GBank', 'dob': ['n/a']}"
ssmaon,inasen,"{'tx_id': '5ed3d67b8723c11444c43283', 'tx_date': '2020-06-13T16:10:51.479000Z', 'tx_amount': 27791, 'tx_mode': 'Debit', 'tx_channel': 'web', 'bank_name': 'KBank', 'dob': ['n/a']}"
uwoltboai,o afsloeumidoluyalna,"{'tx_id': '5ed3d67b8723c11444c43283', 'tx_date': '2020-06-13T05:28:47.543000Z', 'tx_amount': 6192, 'tx_mode': 'Debit', 'tx_channel': 'web', 'bank_name': 'QBank', 'dob': ['n/a']}"
khowe ouwnoo,aeuwolfim,"{'tx_id': '5ed3d67b8723c11444c43283', 'tx_date': '2020-06-12T20:22:38.986000Z', 'tx_amount': 38445, 'tx_mode': 'Debit', 'tx_channel': 'mobile', 'bank_name': 'ABank', 'dob': ['n/a']}"
wooedal,onlshe taivm,"{'tx_id': '5ed3d67b8723c11444c43283', 'tx_date': '2020-06-13T06:00:46.904000Z', 'tx_amount': 29627, 'tx_mode': 'Debit', 'tx_channel': 'mobile', 'bank_name': 'GBank', 'dob': ['n/a']}"
nuainb,gzihicoe,"{'tx_id': '5ed3d67b8723c11444c43283', 'tx_date': '2020-06-13T16:10:51.479000Z', 'tx_amount': 27791, 'tx_mode': 'Debit', 'tx_channel': 'web', 'bank_name': 'KBank', 'dob': ['n/a']}"
wuamdeangu,niaesn,"{'tx_id': '5ed3d67b8723c11444c43283', 'tx_date': '2020-06-13T05:28:47.543000Z', 'tx_amount': 6192, 'tx_mode': 'Debit', 'tx_channel': 'web', 'bank_name': 'QBank', 'dob': ['1992-01-01 00:00:00']}"
ayonnht,imef,"{'tx_id': '5ed3d67b8723c11444c43283', 'tx_date': '2020-06-12T20:22:38.986000Z', 'tx_amount': 38445, 'tx_mode': 'Debit', 'tx_channel': 'mobile', 'bank_name': 'ABank', 'dob': ['1991-07-10 00:00:00']}"
oweyole,ihancza,"{'tx_id': '5ed3d67b8723c11444c43283', 'tx_date': '2020-06-13T06:00:46.904000Z', 'tx_amount': 29627, 'tx_mode': 'Debit', 'tx_channel': 'mobile', 'bank_name': 'GBank', 'dob': ['1989-03-17 00:00:00']}"
itladi,akdyaine,"{'tx_id': '5ed3d67b8723c11444c43283', 'tx_date': '2020-06-13T16:10:51.479000Z', 'tx_amount': 27791, 'tx_mode': 'Debit', 'tx_channel': 'web', 'bank_name': 'KBank', 'dob': ['n/a']}"
oejdail,ranedoke,"{'tx_id': '5ed3d67b8723c11444c43283', 'tx_date': '2020-06-13T05:28:47.543000Z', 'tx_amount': 6192, 'tx_mode': 'Debit', 'tx_channel': 'web', 'bank_name': 'QBank', 'dob': ['n/a']}"
dolyaee,niedkhe,"{'tx_id': '5ed3d67b8723c11444c43283', 'tx_date': '2020-06-12T20:22:38.986000Z', 'tx_amount': 38445, 'tx_mode': 'Debit', 'tx_channel': 'mobile', 'bank_name': 'ABank', 'dob': ['n/a']}"
moaaulowy,eyiaydo,"{'tx_id': '5ed3d67b8723c11444c43283', 'tx_date': '2020-06-13T06:00:46.904000Z', 'tx_amount': 29627, 'tx_mode': 'Debit', 'tx_channel': 'mobile', 'bank_name': 'GBank', 'dob': ['n/a']}"
nsuwo,ennais,"{'tx_id': '5ed3d67b8723c11444c43283', 'tx_date': '2020-06-13T16:10:51.479000Z', 'tx_amount': 27791, 'tx_mode': 'Debit', 'tx_channel': 'web', 'bank_name': 'KBank', 'dob': ['n/a']}"
aayed,moojlkeua,"{'tx_id': '5ed3d67b8723c11444c43283', 'tx_date': '2020-06-13T05:28:47.543000Z', 'tx_amount': 6192, 'tx_mode': 'Debit', 'tx_channel': 'web', 'bank_name': 'QBank', 'dob': ['n/a']}"
nijati,bfl ehoiaseaard,"{'tx_id': '5ed3d67b8723c11444c43283', 'tx_date': '2020-06-12T20:22:38.986000Z', 'tx_amount': 38445, 'tx_mode': 'Debit', 'tx_channel': 'mobile', 'bank_name': 'ABank', 'dob': ['1992-03-31 00:00:00']}"
ooork,aignayt,"{'tx_id': '5ed3d67b8723c11444c43283', 'tx_date': '2020-06-13T06:00:46.904000Z', 'tx_amount': 29627, 'tx_mode': 'Debit', 'tx_channel': 'mobile', 'bank_name': 'GBank', 'dob': ['n/a']}"
najuulgo,emit mnaaewun,"{'tx_id': '5ed3d67b8723c11444c43283', 'tx_date': '2020-06-13T16:10:51.479000Z', 'tx_amount': 27791, 'tx_mode': 'Debit', 'tx_channel': 'web', 'bank_name': 'KBank', 'dob': ['n/a']}"
aeayd,cunainh,"{'tx_id': '5ed3d67b8723c11444c43283', 'tx_date': '2020-06-13T05:28:47.543000Z', 'tx_amount': 6192, 'tx_mode': 'Debit', 'tx_channel': 'web', 'bank_name': 'QBank', 'dob': ['n/a']}"
uasdyn,dknehei,"{'tx_id': '5ed3d67b8723c11444c43283', 'tx_date': '2020-06-12T20:22:38.986000Z', 'tx_amount': 38445, 'tx_mode': 'Debit', 'tx_channel': 'mobile', 'bank_name': 'ABank', 'dob': ['n/a']}"
ainnbu,waele,"{'tx_id': '5ed3d67b8723c11444c43283', 'tx_date': '2020-06-13T06:00:46.904000Z', 'tx_amount': 29627, 'tx_mode': 'Debit', 'tx_channel': 'mobile', 'bank_name': 'GBank', 'dob': ['1991-07-10 00:00:00']}"
okoeri,pneoiejsh,"{'tx_id': '5ed3d67b8723c11444c43283', 'tx_date': '2020-06-13T16:10:51.479000Z', 'tx_amount': 27791, 'tx_mode': 'Debit', 'tx_channel': 'web', 'bank_name': 'KBank', 'dob': ['1999-12-16 00:00:00']}"
sebaneid,eiatzbelh,"{'tx_id': '5ed3d67b8723c11444c43283', 'tx_date': '2020-06-13T05:28:47.543000Z', 'tx_amount': 6192, 'tx_mode': 'Debit', 'tx_channel': 'web', 'bank_name': 'QBank', 'dob': ['n/a']}"
uhowkewnoo o,shujao,"{'tx_id': '5ed3d67b8723c11444c43283', 'tx_date': '2020-06-12T20:22:38.986000Z', 'tx_amount': 38445, 'tx_mode': 'Debit', 'tx_channel': 'mobile', 'bank_name': 'ABank', 'dob': ['n/a']}"
zoewuaeku,hazeef,"{'tx_id': '5ed3d67b8723c11444c43283', 'tx_date': '2020-06-13T06:00:46.904000Z', 'tx_amount': 29627, 'tx_mode': 'Debit', 'tx_channel': 'mobile', 'bank_name': 'GBank', 'dob': ['2000-06-13 00:00:00']}"
ohil,nlbeola,"{'tx_id': '5ed3d67b8723c11444c43283', 'tx_date': '2020-06-13T16:10:51.479000Z', 'tx_amount': 27791, 'tx_mode': 'Debit', 'tx_channel': 'web', 'bank_name': 'KBank', 'dob': ['1967-08-24 00:00:00']}"
eroboaulnwg,ouneusalw,"{'tx_id': '5ed3d67b8723c11444c43283', 'tx_date': '2020-06-13T05:28:47.543000Z', 'tx_amount': 6192, 'tx_mode': 'Debit', 'tx_channel': 'web', 'bank_name': 'QBank', 'dob': ['1989-05-21 00:00:00']}"
luzu,heinekd,"{'tx_id': '5ed3d67b8723c11444c43283', 'tx_date': '2020-06-12T20:22:38.986000Z', 'tx_amount': 38445, 'tx_mode': 'Debit', 'tx_channel': 'mobile', 'bank_name': 'ABank', 'dob': ['1993-12-23 00:00:00']}"
ayuwnan,epert,"{'tx_id': '5ed3d67b8723c11444c43283', 'tx_date': '2020-06-13T06:00:46.904000Z', 'tx_amount': 29627, 'tx_mode': 'Debit', 'tx_channel': 'mobile', 'bank_name': 'GBank', 'dob': ['1992-12-24 00:00:00']}"
yaeimed,ygtanai,"{'tx_id': '5ed3d67b8723c11444c43283', 'tx_date': '2020-06-13T16:10:51.479000Z', 'tx_amount': 27791, 'tx_mode': 'Debit', 'tx_channel': 'web', 'bank_name': 'KBank', 'dob': ['n/a']}"
onewogbalur,khkeuwaceum,"{'tx_id': '5ed3d67b8723c11444c43283', 'tx_date': '2020-06-13T05:28:47.543000Z', 'tx_amount': 6192, 'tx_mode': 'Debit', 'tx_channel': 'web', 'bank_name': 'QBank', 'dob': ['n/a']}"
siunl,iaabi lnewoodl,"{'tx_id': '5ed3d67b8723c11444c43283', 'tx_date': '2020-06-12T20:22:38.986000Z', 'tx_amount': 38445, 'tx_mode': 'Debit', 'tx_channel': 'mobile', 'bank_name': 'ABank', 'dob': ['n/a']}"
nleurogobaw,eshrcla,"{'tx_id': '5ed3d67b8723c11444c43283', 'tx_date': '2020-06-13T06:00:46.904000Z', 'tx_amount': 29627, 'tx_mode': 'Debit', 'tx_channel': 'mobile', 'bank_name': 'GBank', 'dob': ['n/a']}"
uomshra,ncivivnmia hida,"{'tx_id': '5ed3d67b8723c11444c43283', 'tx_date': '2020-06-13T16:10:51.479000Z', 'tx_amount': 27791, 'tx_mode': 'Debit', 'tx_channel': 'web', 'bank_name': 'KBank', 'dob': ['1980-01-01 00:00:00']}"
arokpa,lamunse,"{'tx_id': '5ed3d67b8723c11444c43283', 'tx_date': '2020-06-13T05:28:47.543000Z', 'tx_amount': 6192, 'tx_mode': 'Debit', 'tx_channel': 'web', 'bank_name': 'QBank', 'dob': ['1976-12-12 00:00:00']}"
hmaciaar,chogizie,"{'tx_id': '5ed3d67b8723c11444c43283', 'tx_date': '2020-06-12T20:22:38.986000Z', 'tx_amount': 38445, 'tx_mode': 'Debit', 'tx_channel': 'mobile', 'bank_name': 'ABank', 'dob': ['1989-01-01 00:00:00']}"
unils,ahuran,"{'tx_id': '5ed3d67b8723c11444c43283', 'tx_date': '2020-06-13T06:00:46.904000Z', 'tx_amount': 29627, 'tx_mode': 'Debit', 'tx_channel': 'mobile', 'bank_name': 'GBank', 'dob': ['n/a']}"
ladeeye,peeaj,"{'tx_id': '5ed3d67b8723c11444c43283', 'tx_date': '2020-06-13T16:10:51.479000Z', 'tx_amount': 27791, 'tx_mode': 'Debit', 'tx_channel': 'web', 'bank_name': 'KBank', 'dob': ['1980-08-31 00:00:00']}"
weblaaab,haizboc,"{'tx_id': '5ed3d67b8723c11444c43283', 'tx_date': '2020-06-13T05:28:47.543000Z', 'tx_amount': 6192, 'tx_mode': 'Debit', 'tx_channel': 'web', 'bank_name': 'QBank', 'dob': ['n/a']}"
aogmy-ohlneor,sjohpiene,"{'tx_id': '5ed3d67b8723c11444c43283', 'tx_date': '2020-06-12T20:22:38.986000Z', 'tx_amount': 38445, 'tx_mode': 'Debit', 'tx_channel': 'mobile', 'bank_name': 'ABank', 'dob': ['n/a']}"
diital,etts,"{'tx_id': '5ed3d67b8723c11444c43283', 'tx_date': '2020-06-13T06:00:46.904000Z', 'tx_amount': 29627, 'tx_mode': 'Debit', 'tx_channel': 'mobile', 'bank_name': 'GBank', 'dob': ['1993-09-06 00:00:00']}"
eloewyo,nohj,"{'tx_id': '5ed3d67b8723c11444c43283', 'tx_date': '2020-06-13T16:10:51.479000Z', 'tx_amount': 27791, 'tx_mode': 'Debit', 'tx_channel': 'web', 'bank_name': 'KBank', 'dob': ['n/a']}"
aosmadibg,tfsaah,"{'tx_id': '5ed3d67b8723c11444c43283', 'tx_date': '2020-06-13T05:28:47.543000Z', 'tx_amount': 6192, 'tx_mode': 'Debit', 'tx_channel': 'web', 'bank_name': 'QBank', 'dob': ['1984-08-26 00:00:00']}"
nrnikania,tieabhelz,"{'tx_id': '5ed3d67b8723c11444c43283', 'tx_date': '2020-06-12T20:22:38.986000Z', 'tx_amount': 38445, 'tx_mode': 'Debit', 'tx_channel': 'mobile', 'bank_name': 'ABank', 'dob': ['n/a']}"
riabu,laebonl,"{'tx_id': '5ed3d67b8723c11444c43283', 'tx_date': '2020-06-13T06:00:46.904000Z', 'tx_amount': 29627, 'tx_mode': 'Debit', 'tx_channel': 'mobile', 'bank_name': 'GBank', 'dob': ['n/a']}"
agho,ulfaeiwo,"{'tx_id': '5ed3d67b8723c11444c43283', 'tx_date': '2020-06-13T16:10:51.479000Z', 'tx_amount': 27791, 'tx_mode': 'Debit', 'tx_channel': 'web', 'bank_name': 'KBank', 'dob': ['n/a']}"
odruwae,islaouise nb,"{'tx_id': '5ed3d67b8723c11444c43283', 'tx_date': '2020-06-13T05:28:47.543000Z', 'tx_amount': 6192, 'tx_mode': 'Debit', 'tx_channel': 'web', 'bank_name': 'QBank', 'dob': ['n/a']}"
baiur,auibwnluom,"{'tx_id': '5ed3d67b8723c11444c43283', 'tx_date': '2020-06-12T20:22:38.986000Z', 'tx_amount': 38445, 'tx_mode': 'Debit', 'tx_channel': 'mobile', 'bank_name': 'ABank', 'dob': ['n/a']}"
okuaaf,icneue,"{'tx_id': '5ed3d67b8723c11444c43283', 'tx_date': '2020-06-13T06:00:46.904000Z', 'tx_amount': 29627, 'tx_mode': 'Debit', 'tx_channel': 'mobile', 'bank_name': 'GBank', 'dob': ['n/a']}"
rubai,mofueawli,"{'tx_id': '5ed3d67b8723c11444c43283', 'tx_date': '2020-06-13T16:10:51.479000Z', 'tx_amount': 27791, 'tx_mode': 'Debit', 'tx_channel': 'web', 'bank_name': 'KBank', 'dob': ['1992-03-31 00:00:00']}"
maoka,onyodua,"{'tx_id': '5ed3d67b8723c11444c43283', 'tx_date': '2020-06-13T05:28:47.543000Z', 'tx_amount': 6192, 'tx_mode': 'Debit', 'tx_channel': 'web', 'bank_name': 'QBank', 'dob': ['1974-02-05 00:00:00']}"
nogashob,ynihcbueo,"{'tx_id': '5ed3d67b8723c11444c43283', 'tx_date': '2020-06-12T20:22:38.986000Z', 'tx_amount': 38445, 'tx_mode': 'Debit', 'tx_channel': 'mobile', 'bank_name': 'ABank', 'dob': ['1999-12-23 00:00:00']}"
awwnnko,uauwnosel,"{'tx_id': '5ed3d67b8723c11444c43283', 'tx_date': '2020-06-13T06:00:46.904000Z', 'tx_amount': 29627, 'tx_mode': 'Debit', 'tx_channel': 'mobile', 'bank_name': 'GBank', 'dob': ['n/a']}"
uhem,dmhiniac,"{'tx_id': '5ed3d67b8723c11444c43283', 'tx_date': '2020-06-13T16:10:51.479000Z', 'tx_amount': 27791, 'tx_mode': 'Debit', 'tx_channel': 'web', 'bank_name': 'KBank', 'dob': ['n/a']}"
uemh,s linoaebuis,"{'tx_id': '5ed3d67b8723c11444c43283', 'tx_date': '2020-06-13T05:28:47.543000Z', 'tx_amount': 6192, 'tx_mode': 'Debit', 'tx_channel': 'web', 'bank_name': 'QBank', 'dob': ['2000-12-04 00:00:00']}"
meyoeiy,rnnkifal,"{'tx_id': '5ed3d67b8723c11444c43283', 'tx_date': '2020-06-12T20:22:38.986000Z', 'tx_amount': 38445, 'tx_mode': 'Debit', 'tx_channel': 'mobile', 'bank_name': 'ABank', 'dob': ['1980-08-31 00:00:00']}"
oowel,halmtvos nei,"{'tx_id': '5ed3d67b8723c11444c43283', 'tx_date': '2020-06-13T06:00:46.904000Z', 'tx_amount': 29627, 'tx_mode': 'Debit', 'tx_channel': 'mobile', 'bank_name': 'GBank', 'dob': ['n/a']}"
uwymloaao,ihucrut,"{'tx_id': '5ed3d67b8723c11444c43283', 'tx_date': '2020-06-13T16:10:51.479000Z', 'tx_amount': 27791, 'tx_mode': 'Debit', 'tx_channel': 'web', 'bank_name': 'KBank', 'dob': ['n/a']}"
hgao,aaobli,"{'tx_id': '5ed3d67b8723c11444c43283', 'tx_date': '2020-06-13T05:28:47.543000Z', 'tx_amount': 6192, 'tx_mode': 'Debit', 'tx_channel': 'web', 'bank_name': 'QBank', 'dob': ['1987-04-02 00:00:00']}"
ooph,oulma,"{'tx_id': '5ed3d67b8723c11444c43283', 'tx_date': '2020-06-12T20:22:38.986000Z', 'tx_amount': 38445, 'tx_mode': 'Debit', 'tx_channel': 'mobile', 'bank_name': 'ABank', 'dob': ['n/a']}"
emmleaun,uocgwohuk,"{'tx_id': '5ed3d67b8723c11444c43283', 'tx_date': '2020-06-13T06:00:46.904000Z', 'tx_amount': 29627, 'tx_mode': 'Debit', 'tx_channel': 'mobile', 'bank_name': 'GBank', 'dob': ['n/a']}"
ihlcio,amads,"{'tx_id': '5ed3d67b8723c11444c43283', 'tx_date': '2020-06-13T16:10:51.479000Z', 'tx_amount': 27791, 'tx_mode': 'Debit', 'tx_channel': 'web', 'bank_name': 'KBank', 'dob': ['n/a']}"
aihs,ekynadia,"{'tx_id': '5ed3d67b8723c11444c43283', 'tx_date': '2020-06-13T05:28:47.543000Z', 'tx_amount': 6192, 'tx_mode': 'Debit', 'tx_channel': 'web', 'bank_name': 'QBank', 'dob': ['n/a']}"
gwoorbnelua,leran,"{'tx_id': '5ed3d67b8723c11444c43283', 'tx_date': '2020-06-12T20:22:38.986000Z', 'tx_amount': 38445, 'tx_mode': 'Debit', 'tx_channel': 'mobile', 'bank_name': 'ABank', 'dob': ['n/a']}"
nodgeeul,ihcnek,"{'tx_id': '5ed3d67b8723c11444c43283', 'tx_date': '2020-06-13T06:00:46.904000Z', 'tx_amount': 29627, 'tx_mode': 'Debit', 'tx_channel': 'mobile', 'bank_name': 'GBank', 'dob': ['n/a']}"
dunoetsa,cteenaip,"{'tx_id': '5ed3d67b8723c11444c43283', 'tx_date': '2020-06-13T16:10:51.479000Z', 'tx_amount': 27791, 'tx_mode': 'Debit', 'tx_channel': 'web', 'bank_name': 'KBank', 'dob': ['n/a']}"
etst,mflioulna,"{'tx_id': '5ed3d67b8723c11444c43283', 'tx_date': '2020-06-13T05:28:47.543000Z', 'tx_amount': 6192, 'tx_mode': 'Debit', 'tx_channel': 'web', 'bank_name': 'QBank', 'dob': ['n/a']}"
asimeinfj,au nyiuflasalodmoelo,"{'tx_id': '5ed3d67b8723c11444c43283', 'tx_date': '2020-06-12T20:22:38.986000Z', 'tx_amount': 38445, 'tx_mode': 'Debit', 'tx_channel': 'mobile', 'bank_name': 'ABank', 'dob': ['n/a']}"
oin,oedpum,"{'tx_id': '5ed3d67b8723c11444c43283', 'tx_date': '2020-06-13T06:00:46.904000Z', 'tx_amount': 29627, 'tx_mode': 'Debit', 'tx_channel': 'mobile', 'bank_name': 'GBank', 'dob': ['n/a']}"
